{
  "model_name": "EfficientNet (no defense)",
  "results": {
    "clean": {
      "accuracy": 0.9689853788214444,
      "auc": 0.9959194650664261,
      "precision": 0.9794623980670493,
      "recall": 0.9580502215657312,
      "f1": 0.9686379928315412
    },
    "FGSM (eps=2/255)": {
      "accuracy": 0.41411903706985675,
      "auc": 0.3247020270276165,
      "precision": 0.23253676470588236,
      "recall": 0.07474150664697193,
      "f1": 0.11312318354571875
    },
    "FGSM (eps=4/255)": {
      "accuracy": 0.4994830896470241,
      "auc": 0.5077882601135443,
      "precision": 0.49453551912568305,
      "recall": 0.0534711964549483,
      "f1": 0.09650759797387364
    },
    "FGSM (eps=8/255)": {
      "accuracy": 0.5012553537143701,
      "auc": 0.48783220681911177,
      "precision": 0.6538461538461539,
      "recall": 0.005022156573116691,
      "f1": 0.009967751392553504
    },
    "PGD (eps=4/255)": {
      "accuracy": 0.0001476886722788362,
      "auc": 0.0,
      "precision": 0.0,
      "recall": 0.0,
      "f1": 0.0
    }
  }
}