{
  "model_name": "Full Model (Ours)",
  "results": {
    "clean": {
      "accuracy": 0.6892630335253286,
      "auc": 0.8530249676965103,
      "precision": 0.915100453661698,
      "recall": 0.4171344165435746,
      "f1": 0.573051948051948
    },
    "FGSM (eps=2/255)": {
      "accuracy": 0.38074139713483973,
      "auc": 0.3135751434571583,
      "precision": 0.3365695792880259,
      "recall": 0.24579025110782865,
      "f1": 0.2841044903534233
    },
    "FGSM (eps=4/255)": {
      "accuracy": 0.4423275734751145,
      "auc": 0.40672793787260253,
      "precision": 0.33361702127659576,
      "recall": 0.11580502215657312,
      "f1": 0.17192982456140352
    },
    "FGSM (eps=8/255)": {
      "accuracy": 0.5087874760005907,
      "auc": 0.5120467368894945,
      "precision": 0.5637149028077754,
      "recall": 0.07710487444608567,
      "f1": 0.13565488565488565
    },
    "PGD (eps=4/255)": {
      "accuracy": 0.0,
      "auc": 0.0,
      "precision": 0.0,
      "recall": 0.0,
      "f1": 0.0
    }
  }
}