{
  "model_name": "Full Model (Ours)",
  "results": {
    "clean": {
      "accuracy": 0.5223748338502436,
      "auc": 0.9116743633747789,
      "precision": 0.5114065568817042,
      "recall": 1.0,
      "f1": 0.6767293082766893
    },
    "FGSM (eps=2/255)": {
      "accuracy": 0.5102643627233792,
      "auc": 0.6076986130220798,
      "precision": 0.5051484853007013,
      "recall": 1.0,
      "f1": 0.6712274439817569
    },
    "FGSM (eps=4/255)": {
      "accuracy": 0.5101166740511003,
      "auc": 0.4979338417552158,
      "precision": 0.5050731125037302,
      "recall": 1.0,
      "f1": 0.6711609001685338
    },
    "FGSM (eps=8/255)": {
      "accuracy": 0.5019937970757643,
      "auc": 0.4657901900343843,
      "precision": 0.5009619653692468,
      "recall": 1.0,
      "f1": 0.6675211989745612
    },
    "PGD (eps=4/255)": {
      "accuracy": 0.000738443361394181,
      "auc": 0.0,
      "precision": 0.001474491300501327,
      "recall": 0.0014771048744460858,
      "f1": 0.0014757969303423849
    }
  }
}