{
  "model_name": "Baseline CNN",
  "results": {
    "clean": {
      "accuracy": 0.9029685423128047,
      "auc": 0.9644142925819323,
      "precision": 0.9078947368421053,
      "recall": 0.8968980797636632,
      "f1": 0.9023629068212216
    },
    "FGSM (eps=2/255)": {
      "accuracy": 0.002658396101019052,
      "auc": 0.0,
      "precision": 0.005287896592244419,
      "recall": 0.005317577548005908,
      "f1": 0.005302695536897923
    },
    "FGSM (eps=4/255)": {
      "accuracy": 0.07428740215625461,
      "auc": 7.62545576057813e-05,
      "precision": 0.12933916173823606,
      "recall": 0.14859675036927622,
      "f1": 0.1383007973604619
    },
    "FGSM (eps=8/255)": {
      "accuracy": 0.29862649534780683,
      "auc": 0.035395725382385196,
      "precision": 0.023743016759776536,
      "recall": 0.010044313146233382,
      "f1": 0.014116670126634834
    },
    "PGD (eps=4/255)": {
      "accuracy": 0.0,
      "auc": 0.0,
      "precision": 0.0,
      "recall": 0.0,
      "f1": 0.0
    }
  }
}