{
  "train_loss": [
    0.6723939113409413,
    0.6441190005675984,
    0.6124457779080279,
    0.5695798013676033,
    0.5218341137595505,
    0.4822250205555908,
    0.44892794406607084,
    0.4221036812584651,
    0.40224014138161895,
    0.38926791446471987,
    0.37064910681563834,
    0.35859972891597613,
    0.34128485521987867,
    0.33341728710392227,
    0.31794386894747556,
    0.309478273713275,
    0.3042923043055935,
    0.2975305820766248,
    0.2967717808780641,
    0.2936941218686852
  ],
  "val_loss": [
    0.6599734329952384,
    0.6369133825009724,
    0.5871520697508218,
    0.5533117301902681,
    0.4781405196156142,
    0.4455248234125803,
    0.4278002755962453,
    0.36891720767291086,
    0.384704497203512,
    0.34189193674697066,
    0.3712418718298651,
    0.46347091529729234,
    0.3117936394124661,
    0.30252143536817355,
    0.2925788722229454,
    0.35223061949858125,
    0.27801379094005757,
    0.26755980497120685,
    0.26571681512133133,
    0.2631364271466462
  ],
  "val_acc": [
    0.5950376606114312,
    0.6340274700930438,
    0.6854231280460789,
    0.7128932210899424,
    0.770934869295525,
    0.7932358588096293,
    0.8094816127603013,
    0.8393147245606262,
    0.8230689706099542,
    0.8481760448973563,
    0.8310441589130114,
    0.7783193029094668,
    0.8626495347806823,
    0.8685570816718358,
    0.875498449268941,
    0.8435976960567124,
    0.8849505242947866,
    0.8896765618077094,
    0.8914488258750554,
    0.8932210899424015
  ]
}