{
  "train_loss": [
    1.7145934532045835,
    1.4789879947056173,
    1.4067760835051053,
    1.404521039019712,
    1.4041593118235167,
    1.3895709655786816,
    1.3880690914175289,
    1.3876935353404598,
    1.3872986961955485,
    1.386910615903646,
    1.3869916180126098,
    1.3869495026254461,
    1.3867890294264202,
    1.3867858590384727,
    1.3866202895216613,
    1.3866528382426815,
    1.3864671479352573,
    1.3864700994510881,
    1.3864492553207073,
    1.386396680283643,
    1.3863683400849098,
    1.3863576930544155,
    1.3863185907182423,
    1.3863243457035497,
    1.386318881864007
  ],
  "val_loss": [
    1.548541615594108,
    1.4167004441315274,
    1.404988149427018,
    1.4038205439189695,
    1.4039238010937314,
    1.3884112913653535,
    1.3870108493094175,
    1.3871034709912426,
    1.3867110306361936,
    1.386820744231062,
    1.390469824930407,
    1.3905913087556947,
    1.3926319963527176,
    1.4091661701787193,
    1.4076804125084068,
    1.3900948802255235,
    1.394688902036199,
    1.3914124543936748,
    1.3898455787379786,
    1.387449879691286,
    1.389369711561023,
    1.3881423636427466,
    1.3879604918776818,
    1.387344999695724,
    1.3876075036120865
  ],
  "val_clean_acc": [
    0.49992615566386056,
    0.49992615566386056,
    0.49992615566386056,
    0.49992615566386056,
    0.5000738443361394,
    0.49992615566386056,
    0.5000738443361394,
    0.5000738443361394,
    0.5000738443361394,
    0.49992615566386056,
    0.49992615566386056,
    0.49992615566386056,
    0.5000738443361394,
    0.49992615566386056,
    0.49977846699158174,
    0.49992615566386056,
    0.49992615566386056,
    0.5000738443361394,
    0.5000738443361394,
    0.49992615566386056,
    0.49992615566386056,
    0.49992615566386056,
    0.49992615566386056,
    0.49992615566386056,
    0.49992615566386056
  ],
  "val_pgd_acc": [
    0.49992615566386056,
    0.49992615566386056,
    0.49992615566386056,
    0.47083148722492985,
    0.5000738443361394,
    0.49992615566386056,
    0.5000738443361394,
    0.5000738443361394,
    0.5000738443361394,
    0.49992615566386056,
    0.49992615566386056,
    0.49992615566386056,
    0.49992615566386056,
    0.5027322404371585,
    0.48397577905774625,
    0.49992615566386056,
    0.49992615566386056,
    0.5000738443361394,
    0.5000738443361394,
    0.49992615566386056,
    0.5303500221533008,
    0.49992615566386056,
    0.49992615566386056,
    0.49992615566386056,
    0.49992615566386056
  ],
  "bce_clean": [
    0.6930584812815855,
    0.6931749231781554,
    0.6931784946305549,
    0.6932217206670205,
    0.6931829254033595,
    0.6931916010162609,
    0.6932839603438551,
    0.6932614816103869,
    0.6933141530525346,
    0.6932285719434259,
    0.6931834208217227,
    0.6931987358973577,
    0.6931770771500553,
    0.6932234106517514,
    0.6931849481002522,
    0.6932330735419926,
    0.6931681638425179,
    0.6931523830905134,
    0.6931845119848907,
    0.6931726504192661,
    0.6931589566744291,
    0.6931533262676556,
    0.6931587900468695,
    0.6931466646040016,
    0.6931661094731165
  ],
  "bce_adv": [
    0.6946541131869984,
    0.6932116535752408,
    0.6931826649648458,
    0.6932022673519034,
    0.6932264258745711,
    0.6932046345250327,
    0.6933060396417432,
    0.6933623544479671,
    0.6933021265485508,
    0.6931988672930219,
    0.6932076827475899,
    0.6932244858278437,
    0.6932118553743671,
    0.6931747258433446,
    0.6931608844141246,
    0.6932173870232424,
    0.6931585415534163,
    0.6931725018902829,
    0.6931687265272565,
    0.6931707162847404,
    0.6931564623889653,
    0.6931609838959659,
    0.6931365005038528,
    0.6931629930189264,
    0.6931423743968068
  ],
  "afs_spatial": [
    0.6537617139427768,
    0.18520283744282084,
    0.04082984518003367,
    0.036194099234002325,
    0.03549991983558364,
    0.006349463627799998,
    0.0029581826976627706,
    0.0021393981219980083,
    0.0013648369204020128,
    0.0009663529204322979,
    0.0012010285389684574,
    0.001052563347087123,
    0.0008001923455197132,
    0.0007754481826732849,
    0.0005489094052942157,
    0.00040475578326855643,
    0.0002808822783748035,
    0.00029043327342394336,
    0.00019203693280264576,
    0.00010662815375215853,
    0.0001058444387174524,
    8.676302878127251e-05,
    4.659445776379887e-05,
    2.9375551012827758e-05,
    2.0788207385422256e-05
  ],
  "afs_freq": [
    0.0,
    0.0,
    0.0,
    0.0,
    0.0,
    0.0,
    0.0,
    0.0,
    0.0,
    0.0,
    0.0,
    0.0,
    0.0,
    0.0,
    0.0,
    0.0,
    0.0,
    0.0,
    0.0,
    0.0,
    0.0,
    0.0,
    0.0,
    0.0,
    0.0
  ],
  "lr": [
    0.0001,
    9.960967771506667e-05,
    9.844486647586725e-05,
    9.652393605146846e-05,
    9.387718066217125e-05,
    0.0001,
    9.939057285945933e-05,
    9.757729755661012e-05,
    9.460482294732422e-05,
    9.054634122155992e-05,
    8.550178566873411e-05,
    7.959536998847744e-05,
    7.297252973710758e-05,
    6.579634122155991e-05,
    5.824350601949144e-05,
    5.050000000000001e-05,
    4.275649398050859e-05,
    3.520365877844011e-05,
    2.8027470262892444e-05,
    2.1404630011522593e-05,
    1.5498214331265904e-05,
    1.0453658778440109e-05,
    6.3951770526757955e-06,
    3.422702443389901e-06,
    1.609427140540686e-06
  ]
}