{
  "train_loss": [
    0.6534605660229877,
    0.6364914013979626,
    0.6247633278651477,
    0.6135345617080434,
    0.5949956658303234,
    0.5851754360141771,
    0.5626685627616205,
    0.5546823412305913,
    0.5372281665272347,
    0.5226598639654348,
    0.499860926940185,
    0.4849900090849293,
    0.46877779843482964,
    0.46686062311234017,
    0.4578380782003429,
    0.44561408190237295,
    0.43836033296104926,
    0.4318499283754873,
    0.42740338320891574,
    0.429245263273253
  ],
  "val_loss": [
    0.6213281210781871,
    0.5964089806960977,
    0.631272918522214,
    0.5714300551816173,
    0.562346025451046,
    0.5384879426193842,
    0.5361500245784432,
    0.5083260736428201,
    0.5743319999166778,
    0.5195348625012858,
    0.47627010628590044,
    0.4699585447953969,
    0.44549518625295814,
    0.45716550120446103,
    0.43606172708340624,
    0.44966812302152614,
    0.42423848053783514,
    0.44134115692292614,
    0.417418336669185,
    0.4230715388660336
  ],
  "val_acc": [
    0.693655589123867,
    0.7039274924471299,
    0.6326283987915408,
    0.7256797583081571,
    0.7172205438066466,
    0.743202416918429,
    0.7438066465256797,
    0.7613293051359517,
    0.6882175226586102,
    0.7528700906344411,
    0.7746223564954683,
    0.7800604229607251,
    0.7933534743202417,
    0.7921450151057402,
    0.8072507552870091,
    0.7885196374622356,
    0.8132930513595166,
    0.7969788519637462,
    0.8108761329305136,
    0.8199395770392749
  ]
}