{
  "train_loss": [
    1.6485209211646787,
    1.4844604950202138,
    1.422270403579179,
    1.4106741856466904,
    1.4074632634035489,
    1.4061122565616964,
    1.4008237530104062,
    1.3970685929421953,
    1.3943269853649833,
    1.3911627716863686,
    1.3837408560972948,
    1.3542204027475133,
    1.152185128104349,
    1.0467613078804634,
    1.011551276211314,
    0.9810152591360726,
    0.9624374195752357,
    0.9445983470089523,
    0.9291937832648938,
    0.9265734007363378,
    0.9128772255621458,
    0.9082448317213097,
    0.9035802517342664,
    0.9014108945362964,
    0.8974657660191842
  ],
  "val_loss": [
    1.650625225507988,
    1.5064316240121733,
    1.447223832584777,
    1.47703676797309,
    1.4514417417769163,
    1.4541195192427006,
    1.4436709402867083,
    1.497470057235574,
    1.515709362502368,
    1.4257592851260923,
    1.4560225459764589,
    1.746428928285275,
    1.6676300707853065,
    1.431179920457444,
    1.6946826745878976,
    1.8309633304487984,
    1.802074078681334,
    1.4630734796793956,
    1.6547547252673023,
    1.4790213406085968,
    1.7714181339965676,
    1.6256150367125026,
    1.7491475405558101,
    1.411176342446849,
    2.0210496727025733
  ],
  "val_clean_acc": [
    0.5015507310589278,
    0.5117412494461675,
    0.6487963373209275,
    0.5000738443361394,
    0.6056712450155073,
    0.6793678924826466,
    0.7252990695613647,
    0.6133510559740067,
    0.7580859548072663,
    0.6801063358440408,
    0.6037512922758824,
    0.7390341160832964,
    0.6541131295229656,
    0.7535076059666224,
    0.786294491212524,
    0.7818638310441589,
    0.7074287402156254,
    0.7678334071776695,
    0.7419878895288732,
    0.7465662383695171,
    0.7824545857332743,
    0.7814207650273224,
    0.6241323290503619,
    0.6889676561807709,
    0.7659134544380446
  ],
  "val_pgd_acc": [
    0.4993354009747452,
    0.4954954954954955,
    0.2968542312804608,
    0.49771082557967805,
    0.24486781863831045,
    0.24974154482351205,
    0.28784522227145176,
    0.4065869147836361,
    0.3968394624132329,
    0.4460197902820854,
    0.3828090385467435,
    0.13720277654703883,
    0.19923201890415004,
    0.39226111357258897,
    0.13882735194210605,
    0.1092896174863388,
    0.12612612612612611,
    0.3915226702111948,
    0.19110914192881406,
    0.3755722936050805,
    0.1394181066312214,
    0.21237631073696647,
    0.16570669029685423,
    0.4762959680992468,
    0.06099542165115936
  ],
  "bce_clean": [
    0.6867750863797268,
    0.6863773845829945,
    0.6869284239737129,
    0.6866023384245784,
    0.6858599413382379,
    0.6831212274820698,
    0.673095783482679,
    0.6603110319207072,
    0.6469146780639525,
    0.63217159134415,
    0.6146799428501593,
    0.5612822310161977,
    0.31770228130011424,
    0.21708373055012845,
    0.1886994099613988,
    0.16706184938414256,
    0.15456451296896828,
    0.1387563942090763,
    0.13133126907880127,
    0.12902212988298672,
    0.1218219511474856,
    0.11938987993201626,
    0.11679530077376346,
    0.1148423563391121,
    0.11496233036138329
  ],
  "bce_adv": [
    0.697744761039371,
    0.698529918847779,
    0.6978976257778855,
    0.6982256178310525,
    0.6987825418532136,
    0.6996501406074053,
    0.7051795158188353,
    0.7133337665303998,
    0.722491562306157,
    0.7315516089379546,
    0.739964210009768,
    0.7539036530956083,
    0.7372852012454739,
    0.72312547215204,
    0.7232470921417962,
    0.7188203836138914,
    0.7182486563438346,
    0.7181864874324335,
    0.7134090906333345,
    0.7162713940568298,
    0.710996792203019,
    0.7095409555111819,
    0.7088214341807462,
    0.7088479108294012,
    0.705356168843474
  ],
  "afs_spatial": [
    0.5012745645183784,
    0.18616155939938328,
    0.06533256452907676,
    0.04382492562280855,
    0.03905847877346975,
    0.038987936199405174,
    0.038530567734453236,
    0.0409652008128311,
    0.044187889762433916,
    0.04888401277597074,
    0.05258820270780127,
    0.07290795881881827,
    0.18734031061261047,
    0.20607959693637093,
    0.19232936655001542,
    0.18358488870136108,
    0.17296360186508553,
    0.1693539664729947,
    0.16329287895593445,
    0.15715597300537623,
    0.15503647323388622,
    0.15354426565244492,
    0.1509351976788961,
    0.150406569534694,
    0.14945337864445893
  ],
  "afs_freq": [
    0.044545976142493275,
    0.021574716463587003,
    0.01592691268617295,
    0.013112553353383684,
    0.010971795954422927,
    0.012823066522408775,
    0.010943901858024812,
    0.009803980271716561,
    0.009422682321381564,
    0.009991866746174572,
    0.009341999184272368,
    0.008601795174775322,
    0.011758299169756532,
    0.011707682138486098,
    0.011466962913605517,
    0.011135274396836004,
    0.010474833175785056,
    0.009928273655444022,
    0.009356609899135917,
    0.009006294911550094,
    0.008467486437630692,
    0.008472881820722132,
    0.008319722351840572,
    0.008391141722040998,
    0.008068588639134427
  ],
  "lr": [
    0.0001,
    9.960967771506667e-05,
    9.844486647586725e-05,
    9.652393605146846e-05,
    9.387718066217125e-05,
    1e-05,
    9.94459753267812e-06,
    9.779754323328192e-06,
    9.509529358847655e-06,
    9.140576474687263e-06,
    8.681980515339463e-06,
    8.145033635316128e-06,
    7.54295724882796e-06,
    6.890576474687264e-06,
    6.2039550926810394e-06,
    5.5e-06,
    4.796044907318962e-06,
    4.109423525312737e-06,
    3.45704275117204e-06,
    2.8549663646838717e-06,
    2.3180194846605367e-06,
    1.859423525312737e-06,
    1.4904706411523449e-06,
    1.220245676671809e-06,
    1.0554024673218804e-06
  ]
}