{
  "train_loss": [
    1.6981301339049089,
    1.5058273995212215,
    1.431706066556305,
    1.4209686765062663,
    1.4150725551221053,
    1.3235615149803972,
    0.9542270592349743,
    0.7528919981046003,
    0.8639231674101672,
    0.4109528840779655,
    0.7228869462559219,
    0.20746328713002837,
    0.5453532976305738,
    0.5632991183488837,
    0.22577148112977444,
    0.13447378175936428,
    0.1104527539743284,
    0.08142004196290756,
    0.08804608900043434,
    0.06423925053467786,
    0.04305757211968077,
    0.04531128995727582,
    0.04217487757767245,
    0.03490867308833022,
    0.0317978476601189
  ],
  "val_loss": [
    1.6729633408897329,
    1.56738916826698,
    1.500019426615733,
    1.5617126844963938,
    1.4895206639226877,
    1.4796763551685046,
    1.861264816432629,
    1.7259776856539384,
    1.7627982249799765,
    2.069572792862946,
    2.4252070767699547,
    2.021449326344256,
    1.478131483185966,
    1.8724144371050708,
    1.560566710132473,
    1.9378957017412726,
    2.303157678752575,
    2.5150685917656377,
    2.2010471691500464,
    2.1378415440613368,
    2.1950234669559405,
    2.3908377593418337,
    2.1291135976899347,
    2.423611933892628,
    2.2869572543872976
  ],
  "val_clean_acc": [
    0.5272485600354453,
    0.6380150642445724,
    0.6254615271008713,
    0.5714074730468173,
    0.6117264805789396,
    0.8026879338354748,
    0.7143701078127308,
    0.8183429330970314,
    0.8549697238221828,
    0.5024368630926008,
    0.9288140599616009,
    0.8536405257716733,
    0.6115787919066608,
    0.5694875203071924,
    0.6756756756756757,
    0.6046374243095555,
    0.516614975631369,
    0.5182395510264363,
    0.5635799734160389,
    0.7687195392113425,
    0.6674051100280608,
    0.6052281789986708,
    0.7084625609215773,
    0.8156845369960124,
    0.638458130261409
  ],
  "val_pgd_acc": [
    0.42637719686900016,
    0.327278097769901,
    0.32033673017279574,
    0.32668734308078573,
    0.2605228178998671,
    0.5000738443361394,
    0.25062767685718507,
    0.09392999556933983,
    0.24988923349579087,
    0.47910205287254465,
    0.1558115492541722,
    0.5056860138827352,
    0.3736523408654556,
    0.4582779500812288,
    0.5042091271599468,
    0.42106040466696204,
    0.48515728843597694,
    0.5070152119332447,
    0.2943435238517206,
    0.38975040614384876,
    0.37173238812583076,
    0.48678186383104416,
    0.4325801211047113,
    0.4330231871215478,
    0.45266578053463297
  ],
  "bce_clean": [
    0.6860140104163513,
    0.6854774320897786,
    0.6859644034854796,
    0.6856236573655595,
    0.6851978668196481,
    0.5592821518841543,
    0.18566751529873624,
    0.1096523472452951,
    0.09528452564438104,
    0.06359224468337651,
    0.068974310994103,
    0.047167921529070435,
    0.04787918254247629,
    0.050612582721434506,
    0.029454405608762297,
    0.022835409985256648,
    0.019970565399335064,
    0.01683903840579741,
    0.01481455954384183,
    0.014050381662579053,
    0.014748561906451331,
    0.01183011150585562,
    0.011362105116255437,
    0.009312722677136828,
    0.009988124532499473
  ],
  "bce_adv": [
    0.6977758793695735,
    0.6991688813033857,
    0.698216718157776,
    0.6990977517868343,
    0.6992554343663729,
    0.6912931453602517,
    0.6182606645561906,
    0.5228621602993504,
    0.6497800158042657,
    0.28024184339357394,
    0.5647809388500596,
    0.11939623609806414,
    0.4308440586964898,
    0.4503774361059009,
    0.16141796876442607,
    0.08634150049273068,
    0.06891642620908153,
    0.047355403599618213,
    0.05714255757494368,
    0.03696583840901292,
    0.017240777017755116,
    0.023242773221751962,
    0.021071701153655874,
    0.016313169380958167,
    0.012847917859816286
  ],
  "afs_spatial": [
    0.5857071130864533,
    0.2140898825261395,
    0.07283329948224881,
    0.050101667710463045,
    0.04460805110814359,
    0.13215174411728917,
    0.29291602252767635,
    0.23352982872260003,
    0.23093702900506224,
    0.12718015356057208,
    0.17313950213599905,
    0.076677531052969,
    0.12937396424087255,
    0.12179426044255857,
    0.06672279280139065,
    0.04778425798182063,
    0.04061929473977702,
    0.0318848650293568,
    0.029810257626486272,
    0.024182177917006227,
    0.019878982452709634,
    0.018338597376325625,
    0.017295523110196477,
    0.01644026416849707,
    0.015800242852853228
  ],
  "afs_freq": [
    0.07162228076405792,
    0.04712049505646955,
    0.03702765368283368,
    0.037321439684040635,
    0.027717416444303172,
    0.02303449435796785,
    0.01280288996508624,
    0.012041922192077947,
    0.01130036937745914,
    0.011762396385327644,
    0.008539817118753306,
    0.008534547491074513,
    0.00647691621912666,
    0.00470656301140001,
    0.005125700916551988,
    0.004682474390477289,
    0.004187049422891969,
    0.004277225592982416,
    0.003946143868219047,
    0.003773137706714618,
    0.003762473112824354,
    0.003563688907711974,
    0.0036443662594038586,
    0.0035421633253982553,
    0.003538946045641806
  ],
  "lr": [
    0.0001,
    9.960967771506667e-05,
    9.844486647586725e-05,
    9.652393605146846e-05,
    9.387718066217125e-05,
    0.0001,
    9.939057285945933e-05,
    9.757729755661012e-05,
    9.460482294732422e-05,
    9.054634122155992e-05,
    8.550178566873411e-05,
    7.959536998847744e-05,
    7.297252973710758e-05,
    6.579634122155991e-05,
    5.824350601949144e-05,
    5.050000000000001e-05,
    4.275649398050859e-05,
    3.520365877844011e-05,
    2.8027470262892444e-05,
    2.1404630011522593e-05,
    1.5498214331265904e-05,
    1.0453658778440109e-05,
    6.3951770526757955e-06,
    3.422702443389901e-06,
    1.609427140540686e-06
  ]
}