{
    "train_loss": [
        0.6062248178588825,
        0.5633108873437361,
        0.5442964574425899,
        0.5413946847845598,
        0.5356795811665215,
        0.48431739636829924,
        0.41017508062910524,
        0.3472823076546494,
        0.29756906547837464,
        0.25489098864032866,
        0.2231886171166839,
        0.20562765262303864,
        0.17871573805363647,
        0.1606469763803325,
        0.14759285991639653,
        0.13429479690112,
        0.12330245433078953,
        0.11716926778952583,
        0.10725280563295145,
        0.09830070683249512
    ],
    "val_loss": [
        0.5715228073158354,
        0.5571542820840512,
        0.5429958777045304,
        0.5446371457205629,
        0.5528940765081711,
        0.45257858313479515,
        0.37599376321963546,
        0.32949036943181503,
        0.2700480269443876,
        0.23397154072826765,
        0.19417329153643464,
        0.170492850208901,
        0.15443468287165435,
        0.13936918843010404,
        0.12799265430713036,
        0.11542852878798994,
        0.10640845547500506,
        0.0981888632105558,
        0.09424384755855601,
        0.090529408389351
    ],
    "val_acc": [
        0.7046226554423276,
        0.7171761925860286,
        0.7288435976960567,
        0.7216068527543937,
        0.7179146359474229,
        0.7836360951115049,
        0.8283857628119923,
        0.8534928370993945,
        0.8830305715551617,
        0.9013439669177374,
        0.9186235415743612,
        0.9317678334071776,
        0.9360508049032639,
        0.9447644365677152,
        0.9475705213410132,
        0.9534780682321666,
        0.9583517944173682,
        0.9629301432580121,
        0.9642593413085216,
        0.9654408506867523
    ]
}